beam-start	beam-start.bin
beam-loop	beam-loop.bin
beam-stop	beam-stop.bin
beam-hit	beam-hit.bin
arc-fire	arc-fire.bin
arc-loop	arc-loop.bin
arc-hit	arc-hit.bin
plasma-charge-rise	plasma-charge-rise.bin
plasma-charge-loop	plasma-charge-loop.bin
plasma-charge-full	plasma-charge-full.bin
plasma-charge-cancel	plasma-charge-cancel.bin
orb-fire	orb-fire.bin
orb-fly-loop	orb-fly-loop.bin
shock-fly-loop	shock-fly-loop.bin
orb-explode	orb-explode.bin
shock-fire	shock-fire.bin
shock-fade	shock-fade.bin
shock-hit	shock-hit.bin
shock-pulse	shock-pulse.bin
blast-fire	blast-fire.bin
blast-cycle	blast-cycle.bin
blast-explode	blast-explode.bin
disc-fire	disc-fire.bin
disc-fly-loop	disc-fly-loop.bin
disc-bounce	disc-bounce.bin
disc-drop	disc-drop.bin
flame-start	flame-start.bin
flame-loop	flame-loop.bin
flame-stop	flame-stop.bin
flame-hit	flame-hit.bin
flame-crackle	flame-crackle.bin
gravity-fire	gravity-fire.bin
gravity-fly-loop	gravity-fly-loop.bin
gravity-open	gravity-open.bin
gravity-close	gravity-close.bin
gravity-field-loop	gravity-field-loop.bin
energy-dryfire	v0170.bin
mech-dryfire	mech-dryfire.bin
